order_number,product,order_amount,sales_tax,customer,order_date,delivery_date,Description,Activity_Name
ORD_00001,Home Kit,795,99.375,CONT00091,25/12/2018 7:44,30/12/2018 7:44,Home Kit - $795,online order
ORD_00002,Starter Kit,429,53.625,CONT0007,11/06/2019 22:34,16/06/2019 22:34,Starter Kit - $429,online order
ORD_00003,Home Kit,242,30.25,CONT00051,29/06/2019 10:21,1/07/2019 10:21,Home Kit - $242,online order
ORD_00004,Professional Kit,266,33.25,CONT00094,11/08/2018 8:48,14/08/2018 8:48,Professional Kit - $266,online order
ORD_00005,Home Kit,623,77.875,CONT00095,4/04/2019 7:31,6/04/2019 7:31,Home Kit - $623,online order
ORD_00006,Professional Kit,333,41.625,CONT00090,5/06/2019 12:39,7/06/2019 12:39,Professional Kit - $333,online order
ORD_00007,Starter Kit,965,120.625,CONT00060,15/12/2018 21:15,20/12/2018 21:15,Starter Kit - $965,online order
ORD_00008,Starter Kit,767,95.875,CONT00043,7/05/2019 11:44,11/05/2019 11:44,Starter Kit - $767,online order
ORD_00009,Starter Kit,313,39.125,CONT00035,3/12/2018 15:25,5/12/2018 15:25,Starter Kit - $313,online order
ORD_000010,Home Kit,318,39.75,CONT00070,23/06/2019 6:42,24/06/2019 6:42,Home Kit - $318,online order
ORD_000011,Home Kit,298,37.25,CONT00028,27/09/2018 7:54,28/09/2018 7:54,Home Kit - $298,online order
ORD_000012,Professional Kit,585,73.125,CONT00020,13/01/2019 19:45,17/01/2019 19:45,Professional Kit - $585,online order
ORD_000013,Starter Kit,416,52,CONT00084,13/09/2018 8:39,18/09/2018 8:39,Starter Kit - $416,online order
ORD_000014,Starter Kit,783,97.875,CONT00077,26/07/2019 18:02,30/07/2019 18:02,Starter Kit - $783,online order
ORD_000015,Starter Kit,961,120.125,CONT0005,12/12/2018 21:21,16/12/2018 21:21,Starter Kit - $961,online order
ORD_000016,Starter Kit,837,104.625,CONT0007,10/04/2019 15:13,12/04/2019 15:13,Starter Kit - $837,online order
ORD_000017,Professional Kit,664,83,CONT00065,4/10/2018 8:50,6/10/2018 8:50,Professional Kit - $664,online order
ORD_000018,Professional Kit,546,68.25,CONT00065,26/08/2018 15:58,30/08/2018 15:58,Professional Kit - $546,online order
ORD_000019,Home Kit,736,92,CONT0008,5/04/2019 15:51,7/04/2019 15:51,Home Kit - $736,online order
ORD_000020,Starter Kit,891,111.375,CONT0007,27/03/2019 11:06,1/04/2019 11:06,Starter Kit - $891,online order
ORD_000021,Professional Kit,595,74.375,CONT00097,3/06/2019 13:44,7/06/2019 13:44,Professional Kit - $595,online order
ORD_000022,Home Kit,162,20.25,CONT000100,4/05/2019 7:43,5/05/2019 7:43,Home Kit - $162,online order
ORD_000023,Starter Kit,266,33.25,CONT00022,24/11/2018 21:37,26/11/2018 21:37,Starter Kit - $266,online order
ORD_000024,Professional Kit,104,13,CONT00072,31/03/2019 22:37,2/04/2019 22:37,Professional Kit - $104,online order
ORD_000025,Home Kit,399,49.875,CONT0007,28/04/2019 15:06,3/05/2019 15:06,Home Kit - $399,online order
ORD_000026,Home Kit,702,87.75,CONT00014,13/05/2019 13:47,18/05/2019 13:47,Home Kit - $702,online order
ORD_000027,Home Kit,567,70.875,CONT0001,19/02/2019 6:12,24/02/2019 6:12,Home Kit - $567,online order
ORD_000028,Home Kit,534,66.75,CONT00017,23/01/2019 15:18,26/01/2019 15:18,Home Kit - $534,online order
ORD_000029,Home Kit,422,52.75,CONT00044,1/09/2018 12:49,3/09/2018 12:49,Home Kit - $422,online order
ORD_000030,Professional Kit,276,34.5,CONT0001,11/02/2019 16:20,15/02/2019 16:20,Professional Kit - $276,online order
ORD_000031,Starter Kit,129,16.125,CONT00065,16/03/2019 17:30,17/03/2019 17:30,Starter Kit - $129,online order
ORD_000032,Professional Kit,518,64.75,CONT00041,27/09/2018 15:23,1/10/2018 15:23,Professional Kit - $518,online order
ORD_000033,Home Kit,757,94.625,CONT0003,2/11/2018 15:26,7/11/2018 15:26,Home Kit - $757,online order
ORD_000034,Starter Kit,954,119.25,CONT0003,4/01/2019 13:41,7/01/2019 13:41,Starter Kit - $954,online order
ORD_000035,Professional Kit,893,111.625,CONT00024,16/03/2019 19:32,20/03/2019 19:32,Professional Kit - $893,online order
ORD_000036,Home Kit,982,122.75,CONT00024,9/04/2019 13:56,12/04/2019 13:56,Home Kit - $982,online order
ORD_000037,Home Kit,298,37.25,CONT00020,16/09/2018 0:41,19/09/2018 0:41,Home Kit - $298,online order
ORD_000038,Professional Kit,841,105.125,CONT00034,16/05/2019 15:48,18/05/2019 15:48,Professional Kit - $841,online order
ORD_000039,Professional Kit,553,69.125,CONT0001,14/09/2018 14:40,16/09/2018 14:40,Professional Kit - $553,online order
ORD_000040,Professional Kit,790,98.75,CONT00061,17/10/2018 17:14,18/10/2018 17:14,Professional Kit - $790,online order
ORD_000041,Starter Kit,889,111.125,CONT00059,6/01/2019 21:26,7/01/2019 21:26,Starter Kit - $889,online order
ORD_000042,Home Kit,978,122.25,CONT00096,10/07/2019 7:09,13/07/2019 7:09,Home Kit - $978,online order
ORD_000043,Home Kit,702,87.75,CONT00090,26/08/2018 7:13,27/08/2018 7:13,Home Kit - $702,online order
ORD_000044,Home Kit,392,49,CONT0005,9/04/2019 15:23,10/04/2019 15:23,Home Kit - $392,online order
ORD_000045,Home Kit,195,24.375,CONT00092,5/07/2019 22:44,7/07/2019 22:44,Home Kit - $195,online order
ORD_000046,Professional Kit,809,101.125,CONT00075,20/10/2018 17:24,23/10/2018 17:24,Professional Kit - $809,online order
ORD_000047,Professional Kit,250,31.25,CONT00062,24/11/2018 14:04,27/11/2018 14:04,Professional Kit - $250,online order
ORD_000048,Home Kit,486,60.75,CONT00040,10/11/2018 14:40,15/11/2018 14:40,Home Kit - $486,online order
ORD_000049,Professional Kit,792,99,CONT00046,26/09/2018 8:57,28/09/2018 8:57,Professional Kit - $792,online order
ORD_000050,Home Kit,270,33.75,CONT00012,28/08/2018 0:58,31/08/2018 0:58,Home Kit - $270,online order
ORD_000051,Home Kit,587,73.375,CONT0004,24/08/2018 9:38,26/08/2018 9:38,Home Kit - $587,online order
ORD_000052,Starter Kit,944,118,CONT00079,4/11/2018 19:59,9/11/2018 19:59,Starter Kit - $944,online order
ORD_000053,Starter Kit,981,122.625,CONT00016,17/12/2018 2:58,19/12/2018 2:58,Starter Kit - $981,online order
ORD_000054,Home Kit,248,31,CONT00065,29/10/2018 9:28,31/10/2018 9:28,Home Kit - $248,online order
ORD_000055,Professional Kit,204,25.5,CONT00087,17/08/2018 19:30,19/08/2018 19:30,Professional Kit - $204,online order
ORD_000056,Professional Kit,728,91,CONT00098,29/08/2018 7:43,2/09/2018 7:43,Professional Kit - $728,online order
ORD_000057,Home Kit,241,30.125,CONT00017,13/11/2018 4:04,16/11/2018 4:04,Home Kit - $241,online order
ORD_000058,Professional Kit,828,103.5,CONT0008,22/10/2018 16:51,25/10/2018 16:51,Professional Kit - $828,online order
ORD_000059,Professional Kit,430,53.75,CONT00079,8/02/2019 4:48,12/02/2019 4:48,Professional Kit - $430,online order
ORD_000060,Starter Kit,349,43.625,CONT00030,6/05/2019 9:43,9/05/2019 9:43,Starter Kit - $349,online order
ORD_000061,Professional Kit,821,102.625,CONT00047,9/06/2019 0:18,11/06/2019 0:18,Professional Kit - $821,online order
ORD_000062,Home Kit,109,13.625,CONT00048,11/11/2018 23:11,12/11/2018 23:11,Home Kit - $109,online order
ORD_000063,Home Kit,127,15.875,CONT00096,4/10/2018 0:24,7/10/2018 0:24,Home Kit - $127,online order
ORD_000064,Starter Kit,368,46,CONT00057,23/03/2019 18:31,26/03/2019 18:31,Starter Kit - $368,online order
ORD_000065,Home Kit,444,55.5,CONT00051,8/07/2019 6:11,10/07/2019 6:11,Home Kit - $444,online order
ORD_000066,Professional Kit,245,30.625,CONT00041,9/04/2019 8:34,13/04/2019 8:34,Professional Kit - $245,online order
ORD_000067,Starter Kit,601,75.125,CONT00088,5/10/2018 22:54,7/10/2018 22:54,Starter Kit - $601,online order
ORD_000068,Home Kit,404,50.5,CONT00066,2/05/2019 19:34,3/05/2019 19:34,Home Kit - $404,online order
ORD_000069,Professional Kit,254,31.75,CONT00027,28/02/2019 23:58,2/03/2019 23:58,Professional Kit - $254,online order
ORD_000070,Professional Kit,923,115.375,CONT00038,7/05/2019 14:12,8/05/2019 14:12,Professional Kit - $923,online order
ORD_000071,Professional Kit,829,103.625,CONT00014,9/12/2018 23:15,10/12/2018 23:15,Professional Kit - $829,online order
ORD_000072,Professional Kit,551,68.875,CONT00021,28/06/2019 2:35,2/07/2019 2:35,Professional Kit - $551,online order
ORD_000073,Professional Kit,100,12.5,CONT00075,6/05/2019 3:56,11/05/2019 3:56,Professional Kit - $100,online order
ORD_000074,Starter Kit,478,59.75,CONT00088,18/07/2019 2:10,21/07/2019 2:10,Starter Kit - $478,online order
ORD_000075,Professional Kit,169,21.125,CONT00073,12/12/2018 7:15,13/12/2018 7:15,Professional Kit - $169,online order
ORD_000076,Starter Kit,580,72.5,CONT00096,22/11/2018 3:13,27/11/2018 3:13,Starter Kit - $580,online order
ORD_000077,Starter Kit,370,46.25,CONT00088,13/01/2019 20:08,16/01/2019 20:08,Starter Kit - $370,online order
ORD_000078,Professional Kit,650,81.25,CONT00045,1/10/2018 11:50,2/10/2018 11:50,Professional Kit - $650,online order
ORD_000079,Professional Kit,159,19.875,CONT00078,31/03/2019 6:11,2/04/2019 6:11,Professional Kit - $159,online order
ORD_000080,Home Kit,467,58.375,CONT00035,23/01/2019 20:45,27/01/2019 20:45,Home Kit - $467,online order
ORD_000081,Home Kit,852,106.5,CONT00089,4/07/2019 17:27,6/07/2019 17:27,Home Kit - $852,online order
ORD_000082,Starter Kit,313,39.125,CONT00093,9/09/2018 10:57,11/09/2018 10:57,Starter Kit - $313,online order
ORD_000083,Home Kit,411,51.375,CONT00096,4/08/2018 2:00,7/08/2018 2:00,Home Kit - $411,online order
ORD_000084,Home Kit,644,80.5,CONT00058,20/12/2018 1:47,22/12/2018 1:47,Home Kit - $644,online order
ORD_000085,Starter Kit,688,86,CONT00093,18/11/2018 19:54,23/11/2018 19:54,Starter Kit - $688,online order
ORD_000086,Starter Kit,146,18.25,CONT00053,23/08/2018 5:47,24/08/2018 5:47,Starter Kit - $146,online order
ORD_000087,Professional Kit,432,54,CONT00074,2/08/2018 19:18,5/08/2018 19:18,Professional Kit - $432,online order
ORD_000088,Starter Kit,927,115.875,CONT00050,12/08/2018 9:16,15/08/2018 9:16,Starter Kit - $927,online order
ORD_000089,Professional Kit,637,79.625,CONT00016,26/06/2019 19:31,30/06/2019 19:31,Professional Kit - $637,online order
ORD_000090,Home Kit,204,25.5,CONT00094,31/12/2018 8:36,5/01/2019 8:36,Home Kit - $204,online order
ORD_000091,Professional Kit,759,94.875,CONT00014,28/12/2018 22:34,29/12/2018 22:34,Professional Kit - $759,online order
ORD_000092,Home Kit,625,78.125,CONT00036,16/01/2019 4:19,18/01/2019 4:19,Home Kit - $625,online order
ORD_000093,Professional Kit,813,101.625,CONT00023,15/04/2019 13:13,20/04/2019 13:13,Professional Kit - $813,online order
ORD_000094,Professional Kit,103,12.875,CONT0004,29/10/2018 13:39,31/10/2018 13:39,Professional Kit - $103,online order
ORD_000095,Home Kit,467,58.375,CONT00078,15/10/2018 7:51,19/10/2018 7:51,Home Kit - $467,online order
ORD_000096,Starter Kit,140,17.5,CONT00050,5/01/2019 17:41,8/01/2019 17:41,Starter Kit - $140,online order
ORD_000097,Professional Kit,906,113.25,CONT00051,1/01/2019 13:58,4/01/2019 13:58,Professional Kit - $906,online order
ORD_000098,Starter Kit,197,24.625,CONT00041,11/06/2019 6:22,16/06/2019 6:22,Starter Kit - $197,online order
ORD_000099,Starter Kit,994,124.25,CONT00026,15/09/2018 21:09,17/09/2018 21:09,Starter Kit - $994,online order
ORD_0000100,Starter Kit,369,46.125,CONT00021,9/07/2019 13:04,14/07/2019 13:04,Starter Kit - $369,online order
ORD_0000101,Starter Kit,483,60.375,CONT00014,23/04/2019 22:12,27/04/2019 22:12,Starter Kit - $483,online order
ORD_0000102,Starter Kit,506,63.25,CONT00096,28/11/2018 6:12,1/12/2018 6:12,Starter Kit - $506,online order
ORD_0000103,Professional Kit,311,38.875,CONT00032,2/03/2019 21:26,6/03/2019 21:26,Professional Kit - $311,online order
ORD_0000104,Home Kit,701,87.625,CONT00039,5/09/2018 4:15,7/09/2018 4:15,Home Kit - $701,online order
ORD_0000105,Professional Kit,397,49.625,CONT00047,1/07/2019 16:44,3/07/2019 16:44,Professional Kit - $397,online order
ORD_0000106,Professional Kit,560,70,CONT00018,27/02/2019 21:20,2/03/2019 21:20,Professional Kit - $560,online order
ORD_0000107,Home Kit,755,94.375,CONT00054,8/01/2019 6:42,12/01/2019 6:42,Home Kit - $755,online order
ORD_0000108,Home Kit,868,108.5,CONT00064,14/05/2019 18:40,18/05/2019 18:40,Home Kit - $868,online order
ORD_0000109,Home Kit,413,51.625,CONT00063,8/11/2018 13:34,13/11/2018 13:34,Home Kit - $413,online order
ORD_0000110,Professional Kit,788,98.5,CONT00074,4/04/2019 19:32,8/04/2019 19:32,Professional Kit - $788,online order
ORD_0000111,Starter Kit,281,35.125,CONT00057,16/07/2019 5:36,19/07/2019 5:36,Starter Kit - $281,online order
ORD_0000112,Starter Kit,751,93.875,CONT0007,4/02/2019 21:01,8/02/2019 21:01,Starter Kit - $751,online order
ORD_0000113,Professional Kit,536,67,CONT00063,8/06/2019 18:19,12/06/2019 18:19,Professional Kit - $536,online order
ORD_0000114,Home Kit,748,93.5,CONT00075,10/01/2019 13:10,14/01/2019 13:10,Home Kit - $748,online order
ORD_0000115,Starter Kit,792,99,CONT00067,28/08/2018 8:42,1/09/2018 8:42,Starter Kit - $792,online order
ORD_0000116,Professional Kit,581,72.625,CONT00092,25/08/2018 20:36,27/08/2018 20:36,Professional Kit - $581,online order
ORD_0000117,Home Kit,314,39.25,CONT00083,23/03/2019 9:46,28/03/2019 9:46,Home Kit - $314,online order
ORD_0000118,Starter Kit,626,78.25,CONT00032,17/02/2019 0:04,21/02/2019 0:04,Starter Kit - $626,online order
ORD_0000119,Starter Kit,507,63.375,CONT00034,15/05/2019 16:51,20/05/2019 16:51,Starter Kit - $507,online order
ORD_0000120,Home Kit,504,63,CONT00093,11/08/2018 12:31,16/08/2018 12:31,Home Kit - $504,online order
ORD_0000121,Home Kit,890,111.25,CONT00014,1/05/2019 15:32,4/05/2019 15:32,Home Kit - $890,online order
ORD_0000122,Professional Kit,864,108,CONT00093,3/05/2019 2:16,7/05/2019 2:16,Professional Kit - $864,online order
ORD_0000123,Home Kit,521,65.125,CONT00098,23/02/2019 22:48,27/02/2019 22:48,Home Kit - $521,online order
ORD_0000124,Starter Kit,972,121.5,CONT00073,20/01/2019 17:01,23/01/2019 17:01,Starter Kit - $972,online order
ORD_0000125,Starter Kit,266,33.25,CONT00096,27/03/2019 3:16,30/03/2019 3:16,Starter Kit - $266,online order
ORD_0000126,Home Kit,183,22.875,CONT00070,14/03/2019 18:32,19/03/2019 18:32,Home Kit - $183,online order
ORD_0000127,Starter Kit,874,109.25,CONT00041,17/07/2019 0:09,20/07/2019 0:09,Starter Kit - $874,online order
ORD_0000128,Professional Kit,520,65,CONT00094,15/10/2018 18:43,16/10/2018 18:43,Professional Kit - $520,online order
ORD_0000129,Home Kit,442,55.25,CONT000100,22/11/2018 23:26,27/11/2018 23:26,Home Kit - $442,online order
ORD_0000130,Starter Kit,923,115.375,CONT00043,26/07/2019 9:30,31/07/2019 9:30,Starter Kit - $923,online order
ORD_0000131,Professional Kit,405,50.625,CONT00076,17/04/2019 22:08,20/04/2019 22:08,Professional Kit - $405,online order
ORD_0000132,Starter Kit,833,104.125,CONT00066,26/05/2019 13:16,29/05/2019 13:16,Starter Kit - $833,online order
ORD_0000133,Home Kit,256,32,CONT00075,19/04/2019 13:31,23/04/2019 13:31,Home Kit - $256,online order
ORD_0000134,Home Kit,719,89.875,CONT00073,30/07/2018 4:22,3/08/2018 4:22,Home Kit - $719,online order
ORD_0000135,Home Kit,254,31.75,CONT00039,15/06/2019 13:32,16/06/2019 13:32,Home Kit - $254,online order
ORD_0000136,Starter Kit,947,118.375,CONT00041,3/08/2018 1:32,7/08/2018 1:32,Starter Kit - $947,online order
ORD_0000137,Starter Kit,252,31.5,CONT00051,10/04/2019 13:32,11/04/2019 13:32,Starter Kit - $252,online order
ORD_0000138,Starter Kit,651,81.375,CONT00062,27/07/2019 12:15,30/07/2019 12:15,Starter Kit - $651,online order
ORD_0000139,Professional Kit,801,100.125,CONT00064,28/03/2019 23:06,2/04/2019 23:06,Professional Kit - $801,online order
ORD_0000140,Home Kit,161,20.125,CONT00064,20/03/2019 8:51,22/03/2019 8:51,Home Kit - $161,online order
ORD_0000141,Home Kit,490,61.25,CONT0007,6/03/2019 0:25,9/03/2019 0:25,Home Kit - $490,online order
ORD_0000142,Starter Kit,119,14.875,CONT00040,6/03/2019 7:01,7/03/2019 7:01,Starter Kit - $119,online order
ORD_0000143,Starter Kit,769,96.125,CONT00044,8/10/2018 23:14,13/10/2018 23:14,Starter Kit - $769,online order
ORD_0000144,Professional Kit,423,52.875,CONT00030,3/04/2019 14:09,5/04/2019 14:09,Professional Kit - $423,online order
ORD_0000145,Starter Kit,528,66,CONT00065,16/08/2018 3:46,18/08/2018 3:46,Starter Kit - $528,online order
ORD_0000146,Starter Kit,807,100.875,CONT00050,1/03/2019 0:35,3/03/2019 0:35,Starter Kit - $807,online order
ORD_0000147,Home Kit,281,35.125,CONT00011,3/11/2018 10:04,8/11/2018 10:04,Home Kit - $281,online order
ORD_0000148,Professional Kit,531,66.375,CONT00049,8/09/2018 23:24,12/09/2018 23:24,Professional Kit - $531,online order
ORD_0000149,Starter Kit,977,122.125,CONT00087,21/09/2018 17:30,25/09/2018 17:30,Starter Kit - $977,online order
ORD_0000150,Home Kit,620,77.5,CONT00035,12/09/2018 2:45,16/09/2018 2:45,Home Kit - $620,online order
ORD_0000151,Home Kit,338,42.25,CONT00080,30/08/2018 9:03,4/09/2018 9:03,Home Kit - $338,online order
ORD_0000152,Starter Kit,282,35.25,CONT00020,27/11/2018 20:55,28/11/2018 20:55,Starter Kit - $282,online order
ORD_0000153,Home Kit,937,117.125,CONT00026,22/07/2019 12:11,26/07/2019 12:11,Home Kit - $937,online order
ORD_0000154,Professional Kit,709,88.625,CONT00067,18/09/2018 5:54,19/09/2018 5:54,Professional Kit - $709,online order
ORD_0000155,Professional Kit,265,33.125,CONT00092,3/07/2019 14:33,4/07/2019 14:33,Professional Kit - $265,online order
ORD_0000156,Professional Kit,244,30.5,CONT00028,18/03/2019 21:27,22/03/2019 21:27,Professional Kit - $244,online order
ORD_0000157,Home Kit,423,52.875,CONT00059,9/11/2018 0:11,11/11/2018 0:11,Home Kit - $423,online order
ORD_0000158,Professional Kit,706,88.25,CONT00064,14/12/2018 12:01,17/12/2018 12:01,Professional Kit - $706,online order
ORD_0000159,Home Kit,780,97.5,CONT00075,18/02/2019 19:02,22/02/2019 19:02,Home Kit - $780,online order
ORD_0000160,Home Kit,260,32.5,CONT00084,22/08/2018 4:02,24/08/2018 4:02,Home Kit - $260,online order
ORD_0000161,Home Kit,251,31.375,CONT00060,4/02/2019 2:13,7/02/2019 2:13,Home Kit - $251,online order
ORD_0000162,Professional Kit,797,99.625,CONT0004,24/02/2019 22:13,27/02/2019 22:13,Professional Kit - $797,online order
ORD_0000163,Home Kit,986,123.25,CONT00080,22/08/2018 8:21,23/08/2018 8:21,Home Kit - $986,online order
ORD_0000164,Home Kit,624,78,CONT00031,11/02/2019 7:13,13/02/2019 7:13,Home Kit - $624,online order
ORD_0000165,Professional Kit,590,73.75,CONT00032,22/10/2018 20:21,26/10/2018 20:21,Professional Kit - $590,online order
ORD_0000166,Professional Kit,603,75.375,CONT00059,31/10/2018 7:02,2/11/2018 7:02,Professional Kit - $603,online order
ORD_0000167,Home Kit,205,25.625,CONT00016,6/07/2019 7:43,9/07/2019 7:43,Home Kit - $205,online order
ORD_0000168,Starter Kit,854,106.75,CONT00070,3/08/2018 22:05,8/08/2018 22:05,Starter Kit - $854,online order
ORD_0000169,Starter Kit,679,84.875,CONT00084,25/02/2019 14:45,28/02/2019 14:45,Starter Kit - $679,online order
ORD_0000170,Starter Kit,750,93.75,CONT00031,20/12/2018 13:22,22/12/2018 13:22,Starter Kit - $750,online order
ORD_0000171,Professional Kit,165,20.625,CONT0006,8/05/2019 0:01,11/05/2019 0:01,Professional Kit - $165,online order
ORD_0000172,Professional Kit,221,27.625,CONT00045,7/09/2018 3:16,8/09/2018 3:16,Professional Kit - $221,online order
ORD_0000173,Professional Kit,588,73.5,CONT00078,6/01/2019 15:14,10/01/2019 15:14,Professional Kit - $588,online order
ORD_0000174,Professional Kit,665,83.125,CONT00080,8/04/2019 15:17,10/04/2019 15:17,Professional Kit - $665,online order
ORD_0000175,Starter Kit,465,58.125,CONT00074,16/04/2019 23:45,21/04/2019 23:45,Starter Kit - $465,online order
ORD_0000176,Professional Kit,500,62.5,CONT00053,29/01/2019 17:40,3/02/2019 17:40,Professional Kit - $500,online order
ORD_0000177,Starter Kit,212,26.5,CONT00024,13/04/2019 17:57,16/04/2019 17:57,Starter Kit - $212,online order
ORD_0000178,Starter Kit,776,97,CONT00051,9/10/2018 3:56,12/10/2018 3:56,Starter Kit - $776,online order
ORD_0000179,Home Kit,405,50.625,CONT00059,13/09/2018 20:22,14/09/2018 20:22,Home Kit - $405,online order
ORD_0000180,Home Kit,242,30.25,CONT00027,17/08/2018 4:43,19/08/2018 4:43,Home Kit - $242,online order
ORD_0000181,Starter Kit,295,36.875,CONT00084,30/10/2018 12:28,2/11/2018 12:28,Starter Kit - $295,online order
ORD_0000182,Home Kit,642,80.25,CONT00017,13/04/2019 2:06,17/04/2019 2:06,Home Kit - $642,online order
ORD_0000183,Professional Kit,834,104.25,CONT00052,24/04/2019 4:34,28/04/2019 4:34,Professional Kit - $834,online order
ORD_0000184,Home Kit,654,81.75,CONT0001,4/06/2019 8:29,7/06/2019 8:29,Home Kit - $654,online order
ORD_0000185,Starter Kit,375,46.875,CONT00093,1/10/2018 14:38,3/10/2018 14:38,Starter Kit - $375,online order
ORD_0000186,Professional Kit,652,81.5,CONT00064,26/03/2019 10:45,30/03/2019 10:45,Professional Kit - $652,online order
ORD_0000187,Professional Kit,798,99.75,CONT00056,2/06/2019 5:31,6/06/2019 5:31,Professional Kit - $798,online order
ORD_0000188,Professional Kit,443,55.375,CONT00093,1/02/2019 14:33,3/02/2019 14:33,Professional Kit - $443,online order
ORD_0000189,Starter Kit,895,111.875,CONT00048,22/05/2019 5:39,26/05/2019 5:39,Starter Kit - $895,online order
ORD_0000190,Professional Kit,137,17.125,CONT0005,4/12/2018 14:51,9/12/2018 14:51,Professional Kit - $137,online order
ORD_0000191,Professional Kit,975,121.875,CONT00079,20/06/2019 22:40,25/06/2019 22:40,Professional Kit - $975,online order
ORD_0000192,Starter Kit,151,18.875,CONT00033,21/12/2018 23:29,26/12/2018 23:29,Starter Kit - $151,online order
ORD_0000193,Professional Kit,604,75.5,CONT00092,11/08/2018 4:15,13/08/2018 4:15,Professional Kit - $604,online order
ORD_0000194,Professional Kit,870,108.75,CONT00089,2/12/2018 2:18,7/12/2018 2:18,Professional Kit - $870,online order
ORD_0000195,Professional Kit,360,45,CONT00056,6/03/2019 3:50,7/03/2019 3:50,Professional Kit - $360,online order
ORD_0000196,Home Kit,403,50.375,CONT00072,4/04/2019 23:33,8/04/2019 23:33,Home Kit - $403,online order
ORD_0000197,Starter Kit,962,120.25,CONT00068,3/02/2019 13:07,5/02/2019 13:07,Starter Kit - $962,online order
ORD_0000198,Starter Kit,754,94.25,CONT00026,4/08/2018 11:33,7/08/2018 11:33,Starter Kit - $754,online order
ORD_0000199,Home Kit,176,22,CONT00098,30/01/2019 7:25,31/01/2019 7:25,Home Kit - $176,online order
ORD_0000200,Professional Kit,526,65.75,CONT00020,28/01/2019 2:33,31/01/2019 2:33,Professional Kit - $526,online order
ORD_0000201,Professional Kit,956,119.5,CONT00063,24/06/2019 2:35,28/06/2019 2:35,Professional Kit - $956,online order
ORD_0000202,Starter Kit,764,95.5,CONT00070,17/06/2019 8:06,20/06/2019 8:06,Starter Kit - $764,online order
ORD_0000203,Professional Kit,638,79.75,CONT00071,7/08/2018 13:20,9/08/2018 13:20,Professional Kit - $638,online order
ORD_0000204,Professional Kit,197,24.625,CONT00081,17/07/2019 15:04,19/07/2019 15:04,Professional Kit - $197,online order
ORD_0000205,Home Kit,370,46.25,CONT00021,30/04/2019 5:31,3/05/2019 5:31,Home Kit - $370,online order
ORD_0000206,Starter Kit,217,27.125,CONT000100,22/10/2018 18:34,24/10/2018 18:34,Starter Kit - $217,online order
ORD_0000207,Home Kit,953,119.125,CONT00025,7/04/2019 5:39,10/04/2019 5:39,Home Kit - $953,online order
ORD_0000208,Home Kit,107,13.375,CONT00021,9/08/2018 8:56,14/08/2018 8:56,Home Kit - $107,online order
ORD_0000209,Starter Kit,124,15.5,CONT00086,23/03/2019 7:18,25/03/2019 7:18,Starter Kit - $124,online order
ORD_0000210,Professional Kit,358,44.75,CONT00041,1/12/2018 12:03,4/12/2018 12:03,Professional Kit - $358,online order
ORD_0000211,Home Kit,677,84.625,CONT00038,18/10/2018 23:10,22/10/2018 23:10,Home Kit - $677,online order
ORD_0000212,Starter Kit,458,57.25,CONT00019,26/12/2018 6:51,29/12/2018 6:51,Starter Kit - $458,online order
ORD_0000213,Professional Kit,853,106.625,CONT00035,2/03/2019 1:49,7/03/2019 1:49,Professional Kit - $853,online order
ORD_0000214,Starter Kit,254,31.75,CONT00074,11/08/2018 11:52,16/08/2018 11:52,Starter Kit - $254,online order
ORD_0000215,Starter Kit,654,81.75,CONT00045,26/01/2019 2:22,29/01/2019 2:22,Starter Kit - $654,online order
ORD_0000216,Home Kit,764,95.5,CONT00045,14/02/2019 4:24,16/02/2019 4:24,Home Kit - $764,online order
ORD_0000217,Starter Kit,151,18.875,CONT00039,13/07/2019 23:48,16/07/2019 23:48,Starter Kit - $151,online order
ORD_0000218,Home Kit,870,108.75,CONT00041,17/08/2018 10:37,19/08/2018 10:37,Home Kit - $870,online order
ORD_0000219,Professional Kit,781,97.625,CONT00071,10/04/2019 1:35,15/04/2019 1:35,Professional Kit - $781,online order
ORD_0000220,Starter Kit,772,96.5,CONT00040,7/10/2018 10:29,10/10/2018 10:29,Starter Kit - $772,online order
ORD_0000221,Professional Kit,590,73.75,CONT00024,15/07/2019 21:31,18/07/2019 21:31,Professional Kit - $590,online order
ORD_0000222,Starter Kit,536,67,CONT00094,16/10/2018 1:56,21/10/2018 1:56,Starter Kit - $536,online order
ORD_0000223,Professional Kit,974,121.75,CONT00089,8/06/2019 6:24,10/06/2019 6:24,Professional Kit - $974,online order
ORD_0000224,Professional Kit,187,23.375,CONT00031,30/08/2018 16:20,4/09/2018 16:20,Professional Kit - $187,online order
ORD_0000225,Professional Kit,160,20,CONT0007,12/03/2019 14:54,17/03/2019 14:54,Professional Kit - $160,online order
ORD_0000226,Starter Kit,733,91.625,CONT00018,28/05/2019 9:29,1/06/2019 9:29,Starter Kit - $733,online order
ORD_0000227,Professional Kit,766,95.75,CONT00047,30/04/2019 15:45,4/05/2019 15:45,Professional Kit - $766,online order
ORD_0000228,Professional Kit,721,90.125,CONT00051,14/07/2019 14:41,17/07/2019 14:41,Professional Kit - $721,online order
ORD_0000229,Home Kit,671,83.875,CONT0004,18/01/2019 4:12,23/01/2019 4:12,Home Kit - $671,online order
ORD_0000230,Starter Kit,318,39.75,CONT00014,17/07/2019 8:40,18/07/2019 8:40,Starter Kit - $318,online order
ORD_0000231,Professional Kit,105,13.125,CONT00028,20/02/2019 18:59,22/02/2019 18:59,Professional Kit - $105,online order
ORD_0000232,Home Kit,281,35.125,CONT00021,29/01/2019 9:32,30/01/2019 9:32,Home Kit - $281,online order
ORD_0000233,Starter Kit,473,59.125,CONT00043,1/05/2019 8:54,5/05/2019 8:54,Starter Kit - $473,online order
ORD_0000234,Professional Kit,219,27.375,CONT00064,3/02/2019 19:33,5/02/2019 19:33,Professional Kit - $219,online order
ORD_0000235,Starter Kit,621,77.625,CONT00014,4/03/2019 21:02,5/03/2019 21:02,Starter Kit - $621,online order
ORD_0000236,Professional Kit,157,19.625,CONT00065,5/06/2019 22:00,9/06/2019 22:00,Professional Kit - $157,online order
ORD_0000237,Home Kit,835,104.375,CONT0009,2/08/2018 4:17,3/08/2018 4:17,Home Kit - $835,online order
ORD_0000238,Home Kit,796,99.5,CONT00027,20/09/2018 1:42,23/09/2018 1:42,Home Kit - $796,online order
ORD_0000239,Home Kit,263,32.875,CONT00063,18/10/2018 12:04,22/10/2018 12:04,Home Kit - $263,online order
ORD_0000240,Home Kit,968,121,CONT00052,28/02/2019 3:56,5/03/2019 3:56,Home Kit - $968,online order
ORD_0000241,Professional Kit,644,80.5,CONT00061,22/10/2018 7:46,25/10/2018 7:46,Professional Kit - $644,online order
ORD_0000242,Home Kit,901,112.625,CONT00015,4/07/2019 18:52,7/07/2019 18:52,Home Kit - $901,online order
ORD_0000243,Home Kit,731,91.375,CONT0008,12/05/2019 12:47,17/05/2019 12:47,Home Kit - $731,online order
ORD_0000244,Starter Kit,634,79.25,CONT00035,28/05/2019 3:58,29/05/2019 3:58,Starter Kit - $634,online order
ORD_0000245,Starter Kit,334,41.75,CONT0004,3/07/2019 0:40,8/07/2019 0:40,Starter Kit - $334,online order
ORD_0000246,Starter Kit,247,30.875,CONT00072,27/07/2019 12:14,29/07/2019 12:14,Starter Kit - $247,online order
ORD_0000247,Professional Kit,633,79.125,CONT00045,13/05/2019 20:00,16/05/2019 20:00,Professional Kit - $633,online order
ORD_0000248,Starter Kit,754,94.25,CONT00074,21/06/2019 11:34,23/06/2019 11:34,Starter Kit - $754,online order
ORD_0000249,Home Kit,132,16.5,CONT00036,23/12/2018 13:41,26/12/2018 13:41,Home Kit - $132,online order
ORD_0000250,Professional Kit,263,32.875,CONT00067,1/08/2018 10:10,6/08/2018 10:10,Professional Kit - $263,online order
ORD_0000251,Professional Kit,859,107.375,CONT00011,4/10/2018 10:14,8/10/2018 10:14,Professional Kit - $859,online order
ORD_0000252,Home Kit,955,119.375,CONT0003,25/02/2019 6:32,26/02/2019 6:32,Home Kit - $955,online order
ORD_0000253,Home Kit,210,26.25,CONT00057,15/01/2019 18:19,18/01/2019 18:19,Home Kit - $210,online order
ORD_0000254,Starter Kit,748,93.5,CONT0003,4/03/2019 2:25,8/03/2019 2:25,Starter Kit - $748,online order
ORD_0000255,Professional Kit,839,104.875,CONT00048,30/01/2019 14:31,3/02/2019 14:31,Professional Kit - $839,online order
ORD_0000256,Starter Kit,954,119.25,CONT00040,17/01/2019 2:17,19/01/2019 2:17,Starter Kit - $954,online order
ORD_0000257,Home Kit,675,84.375,CONT000100,20/07/2019 0:56,22/07/2019 0:56,Home Kit - $675,online order
ORD_0000258,Professional Kit,791,98.875,CONT0007,15/11/2018 23:49,19/11/2018 23:49,Professional Kit - $791,online order
ORD_0000259,Home Kit,821,102.625,CONT00084,29/09/2018 20:50,30/09/2018 20:50,Home Kit - $821,online order
ORD_0000260,Professional Kit,427,53.375,CONT00034,19/03/2019 21:30,22/03/2019 21:30,Professional Kit - $427,online order
ORD_0000261,Starter Kit,905,113.125,CONT00052,8/01/2019 1:51,12/01/2019 1:51,Starter Kit - $905,online order
ORD_0000262,Starter Kit,533,66.625,CONT00055,28/03/2019 1:27,29/03/2019 1:27,Starter Kit - $533,online order
ORD_0000263,Starter Kit,587,73.375,CONT00090,16/07/2019 2:35,17/07/2019 2:35,Starter Kit - $587,online order
ORD_0000264,Starter Kit,904,113,CONT00052,14/12/2018 8:04,19/12/2018 8:04,Starter Kit - $904,online order
ORD_0000265,Starter Kit,295,36.875,CONT00095,30/07/2018 13:55,2/08/2018 13:55,Starter Kit - $295,online order
ORD_0000266,Starter Kit,342,42.75,CONT00075,20/08/2018 10:20,24/08/2018 10:20,Starter Kit - $342,online order
ORD_0000267,Professional Kit,349,43.625,CONT00038,16/08/2018 0:35,18/08/2018 0:35,Professional Kit - $349,online order
ORD_0000268,Professional Kit,777,97.125,CONT00034,8/12/2018 21:39,9/12/2018 21:39,Professional Kit - $777,online order
ORD_0000269,Home Kit,617,77.125,CONT00065,14/12/2018 3:10,18/12/2018 3:10,Home Kit - $617,online order
ORD_0000270,Professional Kit,650,81.25,CONT00082,21/05/2019 19:10,26/05/2019 19:10,Professional Kit - $650,online order
ORD_0000271,Starter Kit,922,115.25,CONT00097,22/09/2018 17:07,27/09/2018 17:07,Starter Kit - $922,online order
ORD_0000272,Starter Kit,763,95.375,CONT0007,18/04/2019 14:37,22/04/2019 14:37,Starter Kit - $763,online order
ORD_0000273,Starter Kit,355,44.375,CONT00040,27/04/2019 4:29,30/04/2019 4:29,Starter Kit - $355,online order
ORD_0000274,Starter Kit,711,88.875,CONT00034,10/04/2019 17:30,12/04/2019 17:30,Starter Kit - $711,online order
ORD_0000275,Starter Kit,707,88.375,CONT00090,20/02/2019 13:03,24/02/2019 13:03,Starter Kit - $707,online order
ORD_0000276,Home Kit,806,100.75,CONT00092,2/08/2018 15:37,4/08/2018 15:37,Home Kit - $806,online order
ORD_0000277,Professional Kit,827,103.375,CONT00028,20/05/2019 13:46,25/05/2019 13:46,Professional Kit - $827,online order
ORD_0000278,Starter Kit,657,82.125,CONT00062,27/04/2019 10:00,30/04/2019 10:00,Starter Kit - $657,online order
ORD_0000279,Starter Kit,102,12.75,CONT00011,7/06/2019 10:59,9/06/2019 10:59,Starter Kit - $102,online order
ORD_0000280,Professional Kit,887,110.875,CONT00052,13/06/2019 18:15,16/06/2019 18:15,Professional Kit - $887,online order
ORD_0000281,Starter Kit,661,82.625,CONT00030,13/10/2018 11:01,18/10/2018 11:01,Starter Kit - $661,online order
ORD_0000282,Professional Kit,199,24.875,CONT00093,11/04/2019 5:14,14/04/2019 5:14,Professional Kit - $199,online order
ORD_0000283,Professional Kit,152,19,CONT00019,16/01/2019 18:39,20/01/2019 18:39,Professional Kit - $152,online order
ORD_0000284,Starter Kit,157,19.625,CONT00083,19/10/2018 4:57,23/10/2018 4:57,Starter Kit - $157,online order
ORD_0000285,Professional Kit,251,31.375,CONT00013,20/10/2018 11:42,21/10/2018 11:42,Professional Kit - $251,online order
ORD_0000286,Starter Kit,835,104.375,CONT00055,9/09/2018 23:21,14/09/2018 23:21,Starter Kit - $835,online order
ORD_0000287,Professional Kit,170,21.25,CONT00080,25/04/2019 21:50,30/04/2019 21:50,Professional Kit - $170,online order
ORD_0000288,Professional Kit,311,38.875,CONT00071,13/01/2019 13:31,18/01/2019 13:31,Professional Kit - $311,online order
ORD_0000289,Home Kit,718,89.75,CONT00047,27/04/2019 3:26,2/05/2019 3:26,Home Kit - $718,online order
ORD_0000290,Home Kit,401,50.125,CONT000100,3/08/2018 7:06,5/08/2018 7:06,Home Kit - $401,online order
ORD_0000291,Home Kit,704,88,CONT00095,22/04/2019 22:24,23/04/2019 22:24,Home Kit - $704,online order
ORD_0000292,Starter Kit,207,25.875,CONT00052,3/03/2019 21:15,5/03/2019 21:15,Starter Kit - $207,online order
ORD_0000293,Starter Kit,890,111.25,CONT00061,25/10/2018 13:17,30/10/2018 13:17,Starter Kit - $890,online order
ORD_0000294,Home Kit,910,113.75,CONT00033,19/02/2019 22:52,23/02/2019 22:52,Home Kit - $910,online order
ORD_0000295,Professional Kit,948,118.5,CONT00052,16/08/2018 0:15,20/08/2018 0:15,Professional Kit - $948,online order
ORD_0000296,Home Kit,116,14.5,CONT0003,7/03/2019 2:23,11/03/2019 2:23,Home Kit - $116,online order
ORD_0000297,Professional Kit,414,51.75,CONT00025,18/06/2019 23:52,21/06/2019 23:52,Professional Kit - $414,online order
ORD_0000298,Professional Kit,639,79.875,CONT000100,21/01/2019 20:19,24/01/2019 20:19,Professional Kit - $639,online order
ORD_0000299,Home Kit,942,117.75,CONT00073,6/01/2019 16:47,8/01/2019 16:47,Home Kit - $942,online order
ORD_0000300,Starter Kit,781,97.625,CONT00079,10/03/2019 0:59,13/03/2019 0:59,Starter Kit - $781,online order
ORD_0000301,Professional Kit,353,44.125,CONT00070,28/11/2018 3:08,29/11/2018 3:08,Professional Kit - $353,online order
ORD_0000302,Professional Kit,943,117.875,CONT00043,23/06/2019 4:08,27/06/2019 4:08,Professional Kit - $943,online order
ORD_0000303,Professional Kit,802,100.25,CONT0005,13/09/2018 10:43,14/09/2018 10:43,Professional Kit - $802,online order
ORD_0000304,Home Kit,806,100.75,CONT00032,3/05/2019 12:58,6/05/2019 12:58,Home Kit - $806,online order
ORD_0000305,Professional Kit,146,18.25,CONT00071,6/12/2018 11:56,7/12/2018 11:56,Professional Kit - $146,online order
ORD_0000306,Home Kit,330,41.25,CONT00021,24/03/2019 11:00,29/03/2019 11:00,Home Kit - $330,online order
ORD_0000307,Professional Kit,731,91.375,CONT0008,29/01/2019 17:55,1/02/2019 17:55,Professional Kit - $731,online order
ORD_0000308,Professional Kit,700,87.5,CONT00096,27/05/2019 18:18,29/05/2019 18:18,Professional Kit - $700,online order
ORD_0000309,Starter Kit,299,37.375,CONT00027,30/01/2019 14:41,4/02/2019 14:41,Starter Kit - $299,online order
ORD_0000310,Home Kit,661,82.625,CONT00095,6/03/2019 19:38,8/03/2019 19:38,Home Kit - $661,online order
ORD_0000311,Professional Kit,719,89.875,CONT00042,11/02/2019 17:26,15/02/2019 17:26,Professional Kit - $719,online order
ORD_0000312,Starter Kit,618,77.25,CONT00071,7/08/2018 7:00,12/08/2018 7:00,Starter Kit - $618,online order
ORD_0000313,Professional Kit,368,46,CONT0006,4/04/2019 3:08,6/04/2019 3:08,Professional Kit - $368,online order
ORD_0000314,Home Kit,953,119.125,CONT00060,14/03/2019 20:48,15/03/2019 20:48,Home Kit - $953,online order
ORD_0000315,Starter Kit,995,124.375,CONT00040,28/06/2019 4:19,29/06/2019 4:19,Starter Kit - $995,online order
ORD_0000316,Starter Kit,387,48.375,CONT00042,7/09/2018 20:19,8/09/2018 20:19,Starter Kit - $387,online order
ORD_0000317,Professional Kit,609,76.125,CONT00048,8/09/2018 15:06,11/09/2018 15:06,Professional Kit - $609,online order
ORD_0000318,Professional Kit,424,53,CONT00033,28/01/2019 4:37,30/01/2019 4:37,Professional Kit - $424,online order
ORD_0000319,Starter Kit,136,17,CONT00097,11/11/2018 22:23,12/11/2018 22:23,Starter Kit - $136,online order
ORD_0000320,Professional Kit,601,75.125,CONT00079,3/12/2018 18:54,5/12/2018 18:54,Professional Kit - $601,online order
ORD_0000321,Home Kit,629,78.625,CONT00085,20/05/2019 6:46,21/05/2019 6:46,Home Kit - $629,online order
ORD_0000322,Home Kit,776,97,CONT00072,24/10/2018 15:51,25/10/2018 15:51,Home Kit - $776,online order
ORD_0000323,Starter Kit,279,34.875,CONT00020,25/03/2019 13:22,28/03/2019 13:22,Starter Kit - $279,online order
ORD_0000324,Starter Kit,439,54.875,CONT00036,14/05/2019 9:01,17/05/2019 9:01,Starter Kit - $439,online order
ORD_0000325,Starter Kit,586,73.25,CONT00013,19/02/2019 6:21,21/02/2019 6:21,Starter Kit - $586,online order
ORD_0000326,Professional Kit,330,41.25,CONT00090,12/07/2019 0:20,17/07/2019 0:20,Professional Kit - $330,online order
ORD_0000327,Starter Kit,796,99.5,CONT00022,14/07/2019 9:25,16/07/2019 9:25,Starter Kit - $796,online order
ORD_0000328,Home Kit,227,28.375,CONT00066,30/12/2018 23:38,3/01/2019 23:38,Home Kit - $227,online order
ORD_0000329,Starter Kit,781,97.625,CONT00031,15/03/2019 9:20,16/03/2019 9:20,Starter Kit - $781,online order
ORD_0000330,Professional Kit,925,115.625,CONT00020,23/04/2019 1:45,26/04/2019 1:45,Professional Kit - $925,online order
ORD_0000331,Starter Kit,103,12.875,CONT00018,8/07/2019 6:20,10/07/2019 6:20,Starter Kit - $103,online order
ORD_0000332,Home Kit,455,56.875,CONT0006,3/04/2019 23:51,6/04/2019 23:51,Home Kit - $455,online order
ORD_0000333,Starter Kit,537,67.125,CONT00088,7/11/2018 5:47,9/11/2018 5:47,Starter Kit - $537,online order
ORD_0000334,Professional Kit,371,46.375,CONT00094,6/06/2019 0:51,10/06/2019 0:51,Professional Kit - $371,online order
ORD_0000335,Starter Kit,365,45.625,CONT00057,6/04/2019 14:31,8/04/2019 14:31,Starter Kit - $365,online order
ORD_0000336,Professional Kit,300,37.5,CONT00013,1/05/2019 8:12,5/05/2019 8:12,Professional Kit - $300,online order
ORD_0000337,Professional Kit,217,27.125,CONT00014,26/06/2019 8:34,27/06/2019 8:34,Professional Kit - $217,online order
ORD_0000338,Professional Kit,139,17.375,CONT00035,27/09/2018 18:47,29/09/2018 18:47,Professional Kit - $139,online order
ORD_0000339,Home Kit,717,89.625,CONT00028,23/06/2019 15:12,28/06/2019 15:12,Home Kit - $717,online order
ORD_0000340,Professional Kit,408,51,CONT00047,27/02/2019 11:16,3/03/2019 11:16,Professional Kit - $408,online order
ORD_0000341,Professional Kit,224,28,CONT00043,2/09/2018 21:28,4/09/2018 21:28,Professional Kit - $224,online order
ORD_0000342,Home Kit,647,80.875,CONT00098,13/06/2019 8:40,17/06/2019 8:40,Home Kit - $647,online order
ORD_0000343,Professional Kit,992,124,CONT00017,29/12/2018 5:09,31/12/2018 5:09,Professional Kit - $992,online order
ORD_0000344,Professional Kit,344,43,CONT00021,25/03/2019 21:54,27/03/2019 21:54,Professional Kit - $344,online order
ORD_0000345,Starter Kit,620,77.5,CONT00096,17/01/2019 0:20,18/01/2019 0:20,Starter Kit - $620,online order
ORD_0000346,Professional Kit,339,42.375,CONT00069,6/07/2019 0:36,7/07/2019 0:36,Professional Kit - $339,online order
ORD_0000347,Home Kit,380,47.5,CONT00095,27/09/2018 5:42,29/09/2018 5:42,Home Kit - $380,online order
ORD_0000348,Professional Kit,890,111.25,CONT00027,2/02/2019 22:21,3/02/2019 22:21,Professional Kit - $890,online order
ORD_0000349,Professional Kit,420,52.5,CONT00072,6/08/2018 1:59,11/08/2018 1:59,Professional Kit - $420,online order
ORD_0000350,Home Kit,599,74.875,CONT00073,9/09/2018 22:55,12/09/2018 22:55,Home Kit - $599,online order
ORD_0000351,Starter Kit,377,47.125,CONT00084,5/07/2019 19:21,10/07/2019 19:21,Starter Kit - $377,online order
ORD_0000352,Starter Kit,311,38.875,CONT00095,11/12/2018 7:06,13/12/2018 7:06,Starter Kit - $311,online order
ORD_0000353,Professional Kit,738,92.25,CONT00032,12/09/2018 7:15,15/09/2018 7:15,Professional Kit - $738,online order
ORD_0000354,Starter Kit,789,98.625,CONT00051,5/02/2019 15:01,8/02/2019 15:01,Starter Kit - $789,online order
ORD_0000355,Professional Kit,720,90,CONT0009,27/08/2018 7:54,31/08/2018 7:54,Professional Kit - $720,online order
ORD_0000356,Professional Kit,684,85.5,CONT00010,12/03/2019 6:20,14/03/2019 6:20,Professional Kit - $684,online order
ORD_0000357,Home Kit,870,108.75,CONT00057,9/06/2019 6:43,10/06/2019 6:43,Home Kit - $870,online order
ORD_0000358,Home Kit,832,104,CONT00047,10/12/2018 5:23,12/12/2018 5:23,Home Kit - $832,online order
ORD_0000359,Professional Kit,301,37.625,CONT00025,22/09/2018 15:18,24/09/2018 15:18,Professional Kit - $301,online order
ORD_0000360,Professional Kit,204,25.5,CONT00035,11/11/2018 5:52,15/11/2018 5:52,Professional Kit - $204,online order
ORD_0000361,Starter Kit,114,14.25,CONT00069,30/06/2019 13:49,3/07/2019 13:49,Starter Kit - $114,online order
ORD_0000362,Starter Kit,940,117.5,CONT00075,20/02/2019 12:26,23/02/2019 12:26,Starter Kit - $940,online order
ORD_0000363,Starter Kit,295,36.875,CONT00077,15/08/2018 15:13,16/08/2018 15:13,Starter Kit - $295,online order
ORD_0000364,Home Kit,791,98.875,CONT00099,23/10/2018 8:31,25/10/2018 8:31,Home Kit - $791,online order
ORD_0000365,Starter Kit,905,113.125,CONT00033,8/10/2018 20:01,10/10/2018 20:01,Starter Kit - $905,online order
ORD_0000366,Home Kit,176,22,CONT00038,17/05/2019 20:59,22/05/2019 20:59,Home Kit - $176,online order
ORD_0000367,Home Kit,887,110.875,CONT00049,22/10/2018 10:22,27/10/2018 10:22,Home Kit - $887,online order
ORD_0000368,Professional Kit,890,111.25,CONT00016,30/05/2019 9:28,31/05/2019 9:28,Professional Kit - $890,online order
ORD_0000369,Home Kit,735,91.875,CONT00012,16/08/2018 21:30,20/08/2018 21:30,Home Kit - $735,online order
ORD_0000370,Starter Kit,774,96.75,CONT00034,16/05/2019 22:24,20/05/2019 22:24,Starter Kit - $774,online order
ORD_0000371,Starter Kit,572,71.5,CONT00058,5/03/2019 20:38,7/03/2019 20:38,Starter Kit - $572,online order
ORD_0000372,Professional Kit,144,18,CONT00095,6/03/2019 23:07,10/03/2019 23:07,Professional Kit - $144,online order
ORD_0000373,Starter Kit,163,20.375,CONT00069,23/12/2018 9:35,28/12/2018 9:35,Starter Kit - $163,online order
ORD_0000374,Starter Kit,333,41.625,CONT00074,25/01/2019 10:33,30/01/2019 10:33,Starter Kit - $333,online order
ORD_0000375,Home Kit,660,82.5,CONT0008,26/04/2019 3:05,1/05/2019 3:05,Home Kit - $660,online order
ORD_0000376,Home Kit,949,118.625,CONT00088,5/07/2019 19:40,10/07/2019 19:40,Home Kit - $949,online order
ORD_0000377,Professional Kit,824,103,CONT00023,17/02/2019 4:17,20/02/2019 4:17,Professional Kit - $824,online order
ORD_0000378,Professional Kit,415,51.875,CONT0008,6/04/2019 11:58,8/04/2019 11:58,Professional Kit - $415,online order
ORD_0000379,Starter Kit,911,113.875,CONT00045,9/03/2019 19:24,13/03/2019 19:24,Starter Kit - $911,online order
ORD_0000380,Home Kit,928,116,CONT00087,10/01/2019 14:19,15/01/2019 14:19,Home Kit - $928,online order
ORD_0000381,Starter Kit,474,59.25,CONT00091,1/11/2018 11:57,6/11/2018 11:57,Starter Kit - $474,online order
ORD_0000382,Home Kit,575,71.875,CONT00099,6/09/2018 10:36,11/09/2018 10:36,Home Kit - $575,online order
ORD_0000383,Professional Kit,689,86.125,CONT00060,11/12/2018 2:07,14/12/2018 2:07,Professional Kit - $689,online order
ORD_0000384,Professional Kit,675,84.375,CONT00057,9/08/2018 1:37,14/08/2018 1:37,Professional Kit - $675,online order
ORD_0000385,Starter Kit,999,124.875,CONT00059,18/07/2019 22:57,23/07/2019 22:57,Starter Kit - $999,online order
ORD_0000386,Home Kit,660,82.5,CONT00050,15/11/2018 9:16,17/11/2018 9:16,Home Kit - $660,online order
ORD_0000387,Starter Kit,349,43.625,CONT00067,12/03/2019 13:49,13/03/2019 13:49,Starter Kit - $349,online order
ORD_0000388,Starter Kit,399,49.875,CONT00056,8/05/2019 5:46,10/05/2019 5:46,Starter Kit - $399,online order
ORD_0000389,Home Kit,636,79.5,CONT00072,4/11/2018 14:54,5/11/2018 14:54,Home Kit - $636,online order
ORD_0000390,Starter Kit,169,21.125,CONT00072,28/09/2018 3:21,30/09/2018 3:21,Starter Kit - $169,online order
ORD_0000391,Professional Kit,853,106.625,CONT00038,16/09/2018 18:18,19/09/2018 18:18,Professional Kit - $853,online order
ORD_0000392,Starter Kit,176,22,CONT00073,3/08/2018 20:59,4/08/2018 20:59,Starter Kit - $176,online order
ORD_0000393,Home Kit,239,29.875,CONT00097,9/04/2019 11:46,10/04/2019 11:46,Home Kit - $239,online order
ORD_0000394,Home Kit,666,83.25,CONT00052,21/11/2018 20:52,24/11/2018 20:52,Home Kit - $666,online order
ORD_0000395,Home Kit,243,30.375,CONT00083,9/06/2019 9:24,13/06/2019 9:24,Home Kit - $243,online order
ORD_0000396,Starter Kit,603,75.375,CONT00079,28/06/2019 19:12,2/07/2019 19:12,Starter Kit - $603,online order
ORD_0000397,Starter Kit,673,84.125,CONT0008,16/02/2019 16:43,20/02/2019 16:43,Starter Kit - $673,online order
ORD_0000398,Starter Kit,880,110,CONT000100,24/09/2018 22:48,28/09/2018 22:48,Starter Kit - $880,online order
ORD_0000399,Home Kit,949,118.625,CONT00045,10/07/2019 8:30,11/07/2019 8:30,Home Kit - $949,online order
ORD_0000400,Professional Kit,502,62.75,CONT00073,4/12/2018 22:13,9/12/2018 22:13,Professional Kit - $502,online order
ORD_0000401,Home Kit,328,41,CONT00010,1/02/2019 19:05,5/02/2019 19:05,Home Kit - $328,online order
ORD_0000402,Home Kit,126,15.75,CONT00059,13/03/2019 7:34,14/03/2019 7:34,Home Kit - $126,online order
ORD_0000403,Starter Kit,293,36.625,CONT00058,29/03/2019 7:16,30/03/2019 7:16,Starter Kit - $293,online order
ORD_0000404,Home Kit,887,110.875,CONT00043,6/04/2019 0:36,8/04/2019 0:36,Home Kit - $887,online order
ORD_0000405,Professional Kit,489,61.125,CONT00069,29/09/2018 0:50,1/10/2018 0:50,Professional Kit - $489,online order
ORD_0000406,Home Kit,720,90,CONT00042,13/05/2019 21:23,17/05/2019 21:23,Home Kit - $720,online order
ORD_0000407,Professional Kit,120,15,CONT00019,30/06/2019 16:51,3/07/2019 16:51,Professional Kit - $120,online order
ORD_0000408,Professional Kit,503,62.875,CONT00090,2/07/2019 6:23,6/07/2019 6:23,Professional Kit - $503,online order
ORD_0000409,Home Kit,592,74,CONT00064,12/06/2019 16:31,13/06/2019 16:31,Home Kit - $592,online order
ORD_0000410,Professional Kit,500,62.5,CONT00081,3/03/2019 21:21,8/03/2019 21:21,Professional Kit - $500,online order
ORD_0000411,Professional Kit,816,102,CONT00093,25/12/2018 16:56,28/12/2018 16:56,Professional Kit - $816,online order
ORD_0000412,Home Kit,544,68,CONT00023,18/08/2018 1:45,19/08/2018 1:45,Home Kit - $544,online order
ORD_0000413,Professional Kit,237,29.625,CONT00024,4/03/2019 14:48,7/03/2019 14:48,Professional Kit - $237,online order
ORD_0000414,Professional Kit,511,63.875,CONT00025,12/05/2019 4:25,16/05/2019 4:25,Professional Kit - $511,online order
ORD_0000415,Starter Kit,301,37.625,CONT00044,13/12/2018 22:56,14/12/2018 22:56,Starter Kit - $301,online order
ORD_0000416,Starter Kit,551,68.875,CONT00048,12/09/2018 4:56,16/09/2018 4:56,Starter Kit - $551,online order
ORD_0000417,Home Kit,782,97.75,CONT00028,25/10/2018 22:09,27/10/2018 22:09,Home Kit - $782,online order
ORD_0000418,Home Kit,315,39.375,CONT0004,10/04/2019 5:44,12/04/2019 5:44,Home Kit - $315,online order
ORD_0000419,Professional Kit,331,41.375,CONT00091,21/04/2019 10:09,24/04/2019 10:09,Professional Kit - $331,online order
ORD_0000420,Starter Kit,954,119.25,CONT00017,21/12/2018 11:47,25/12/2018 11:47,Starter Kit - $954,online order
ORD_0000421,Starter Kit,191,23.875,CONT00050,16/08/2018 11:13,21/08/2018 11:13,Starter Kit - $191,online order
ORD_0000422,Starter Kit,396,49.5,CONT00033,10/01/2019 3:04,12/01/2019 3:04,Starter Kit - $396,online order
ORD_0000423,Home Kit,824,103,CONT00092,21/06/2019 1:23,24/06/2019 1:23,Home Kit - $824,online order
ORD_0000424,Professional Kit,430,53.75,CONT00065,29/07/2018 20:31,30/07/2018 20:31,Professional Kit - $430,online order
ORD_0000425,Home Kit,163,20.375,CONT00016,26/02/2019 4:40,3/03/2019 4:40,Home Kit - $163,online order
ORD_0000426,Starter Kit,326,40.75,CONT00074,8/01/2019 6:43,10/01/2019 6:43,Starter Kit - $326,online order
ORD_0000427,Professional Kit,279,34.875,CONT00077,12/11/2018 9:29,16/11/2018 9:29,Professional Kit - $279,online order
ORD_0000428,Starter Kit,222,27.75,CONT00074,18/06/2019 1:03,20/06/2019 1:03,Starter Kit - $222,online order
ORD_0000429,Starter Kit,125,15.625,CONT00053,21/07/2019 0:23,22/07/2019 0:23,Starter Kit - $125,online order
ORD_0000430,Home Kit,580,72.5,CONT000100,4/08/2018 19:10,9/08/2018 19:10,Home Kit - $580,online order
ORD_0000431,Home Kit,942,117.75,CONT00056,17/02/2019 3:13,20/02/2019 3:13,Home Kit - $942,online order
ORD_0000432,Starter Kit,544,68,CONT00023,7/08/2018 18:01,8/08/2018 18:01,Starter Kit - $544,online order
ORD_0000433,Home Kit,122,15.25,CONT00048,14/08/2018 18:07,15/08/2018 18:07,Home Kit - $122,online order
ORD_0000434,Professional Kit,301,37.625,CONT00037,15/01/2019 18:51,16/01/2019 18:51,Professional Kit - $301,online order
ORD_0000435,Professional Kit,914,114.25,CONT00029,24/12/2018 3:19,28/12/2018 3:19,Professional Kit - $914,online order
ORD_0000436,Professional Kit,968,121,CONT00093,2/06/2019 13:23,6/06/2019 13:23,Professional Kit - $968,online order
ORD_0000437,Professional Kit,979,122.375,CONT00079,24/12/2018 10:21,28/12/2018 10:21,Professional Kit - $979,online order
ORD_0000438,Home Kit,519,64.875,CONT00012,8/10/2018 16:22,10/10/2018 16:22,Home Kit - $519,online order
ORD_0000439,Professional Kit,548,68.5,CONT00056,1/07/2019 21:10,6/07/2019 21:10,Professional Kit - $548,online order
ORD_0000440,Starter Kit,367,45.875,CONT00041,21/07/2019 23:04,25/07/2019 23:04,Starter Kit - $367,online order
ORD_0000441,Starter Kit,223,27.875,CONT00060,10/07/2019 11:16,14/07/2019 11:16,Starter Kit - $223,online order
ORD_0000442,Starter Kit,605,75.625,CONT00096,6/08/2018 10:51,7/08/2018 10:51,Starter Kit - $605,online order
ORD_0000443,Home Kit,279,34.875,CONT00055,21/02/2019 18:19,22/02/2019 18:19,Home Kit - $279,online order
ORD_0000444,Starter Kit,274,34.25,CONT00088,31/01/2019 20:15,1/02/2019 20:15,Starter Kit - $274,online order
ORD_0000445,Home Kit,618,77.25,CONT00062,12/01/2019 21:32,13/01/2019 21:32,Home Kit - $618,online order
ORD_0000446,Home Kit,541,67.625,CONT00070,21/11/2018 3:42,23/11/2018 3:42,Home Kit - $541,online order
ORD_0000447,Home Kit,890,111.25,CONT00078,17/09/2018 4:19,19/09/2018 4:19,Home Kit - $890,online order
ORD_0000448,Home Kit,824,103,CONT00081,23/04/2019 19:02,25/04/2019 19:02,Home Kit - $824,online order
ORD_0000449,Home Kit,355,44.375,CONT00043,6/05/2019 6:34,8/05/2019 6:34,Home Kit - $355,online order
ORD_0000450,Home Kit,839,104.875,CONT00085,12/10/2018 19:41,15/10/2018 19:41,Home Kit - $839,online order
ORD_0000451,Starter Kit,573,71.625,CONT00028,11/12/2018 6:39,12/12/2018 6:39,Starter Kit - $573,online order
ORD_0000452,Starter Kit,965,120.625,CONT00019,30/04/2019 20:50,3/05/2019 20:50,Starter Kit - $965,online order
ORD_0000453,Professional Kit,566,70.75,CONT00049,16/05/2019 2:35,19/05/2019 2:35,Professional Kit - $566,online order
ORD_0000454,Home Kit,281,35.125,CONT00031,2/12/2018 21:53,4/12/2018 21:53,Home Kit - $281,online order
ORD_0000455,Starter Kit,884,110.5,CONT00083,12/10/2018 10:35,16/10/2018 10:35,Starter Kit - $884,online order
ORD_0000456,Home Kit,999,124.875,CONT0006,14/08/2018 3:20,18/08/2018 3:20,Home Kit - $999,online order
ORD_0000457,Home Kit,385,48.125,CONT00023,16/04/2019 21:23,21/04/2019 21:23,Home Kit - $385,online order
ORD_0000458,Starter Kit,456,57,CONT00061,8/05/2019 8:55,13/05/2019 8:55,Starter Kit - $456,online order
ORD_0000459,Professional Kit,710,88.75,CONT00058,1/07/2019 5:14,3/07/2019 5:14,Professional Kit - $710,online order
ORD_0000460,Home Kit,847,105.875,CONT00086,18/02/2019 22:42,20/02/2019 22:42,Home Kit - $847,online order
ORD_0000461,Starter Kit,240,30,CONT00044,28/06/2019 7:16,3/07/2019 7:16,Starter Kit - $240,online order
ORD_0000462,Home Kit,122,15.25,CONT00012,25/04/2019 1:45,29/04/2019 1:45,Home Kit - $122,online order
ORD_0000463,Professional Kit,643,80.375,CONT0008,17/07/2019 20:54,18/07/2019 20:54,Professional Kit - $643,online order
ORD_0000464,Professional Kit,211,26.375,CONT00080,24/01/2019 11:22,28/01/2019 11:22,Professional Kit - $211,online order
ORD_0000465,Professional Kit,878,109.75,CONT00067,25/12/2018 12:58,26/12/2018 12:58,Professional Kit - $878,online order
ORD_0000466,Home Kit,877,109.625,CONT00067,9/01/2019 18:33,13/01/2019 18:33,Home Kit - $877,online order
ORD_0000467,Home Kit,322,40.25,CONT00082,20/10/2018 9:44,21/10/2018 9:44,Home Kit - $322,online order
ORD_0000468,Home Kit,554,69.25,CONT00077,29/07/2018 14:23,1/08/2018 14:23,Home Kit - $554,online order
ORD_0000469,Professional Kit,108,13.5,CONT00085,26/06/2019 13:08,27/06/2019 13:08,Professional Kit - $108,online order
ORD_0000470,Home Kit,995,124.375,CONT0009,22/05/2019 16:54,25/05/2019 16:54,Home Kit - $995,online order
ORD_0000471,Professional Kit,479,59.875,CONT00076,12/09/2018 11:01,13/09/2018 11:01,Professional Kit - $479,online order
ORD_0000472,Professional Kit,993,124.125,CONT00033,22/02/2019 16:56,24/02/2019 16:56,Professional Kit - $993,online order
ORD_0000473,Professional Kit,337,42.125,CONT00075,10/11/2018 16:00,15/11/2018 16:00,Professional Kit - $337,online order
ORD_0000474,Starter Kit,858,107.25,CONT00038,18/10/2018 20:42,21/10/2018 20:42,Starter Kit - $858,online order
ORD_0000475,Home Kit,241,30.125,CONT00053,26/08/2018 1:06,30/08/2018 1:06,Home Kit - $241,online order
ORD_0000476,Home Kit,330,41.25,CONT00080,27/07/2019 4:58,28/07/2019 4:58,Home Kit - $330,online order
ORD_0000477,Home Kit,587,73.375,CONT00088,28/01/2019 0:11,1/02/2019 0:11,Home Kit - $587,online order
ORD_0000478,Home Kit,986,123.25,CONT00094,24/12/2018 1:18,29/12/2018 1:18,Home Kit - $986,online order
ORD_0000479,Starter Kit,179,22.375,CONT00015,27/03/2019 14:50,1/04/2019 14:50,Starter Kit - $179,online order
ORD_0000480,Starter Kit,764,95.5,CONT00064,22/09/2018 16:28,27/09/2018 16:28,Starter Kit - $764,online order
ORD_0000481,Professional Kit,241,30.125,CONT00074,19/04/2019 20:18,21/04/2019 20:18,Professional Kit - $241,online order
ORD_0000482,Home Kit,590,73.75,CONT00032,11/02/2019 0:25,12/02/2019 0:25,Home Kit - $590,online order
ORD_0000483,Professional Kit,623,77.875,CONT00064,20/05/2019 1:57,25/05/2019 1:57,Professional Kit - $623,online order
ORD_0000484,Professional Kit,140,17.5,CONT00050,29/01/2019 19:34,3/02/2019 19:34,Professional Kit - $140,online order
ORD_0000485,Starter Kit,221,27.625,CONT00039,17/01/2019 2:38,18/01/2019 2:38,Starter Kit - $221,online order
ORD_0000486,Starter Kit,484,60.5,CONT0004,28/04/2019 23:58,3/05/2019 23:58,Starter Kit - $484,online order
ORD_0000487,Starter Kit,815,101.875,CONT00057,8/12/2018 6:28,9/12/2018 6:28,Starter Kit - $815,online order
ORD_0000488,Starter Kit,611,76.375,CONT00045,27/09/2018 16:03,28/09/2018 16:03,Starter Kit - $611,online order
ORD_0000489,Home Kit,784,98,CONT00095,14/03/2019 12:12,17/03/2019 12:12,Home Kit - $784,online order
ORD_0000490,Home Kit,698,87.25,CONT00037,19/10/2018 16:41,23/10/2018 16:41,Home Kit - $698,online order
ORD_0000491,Starter Kit,503,62.875,CONT00082,9/11/2018 9:16,12/11/2018 9:16,Starter Kit - $503,online order
ORD_0000492,Home Kit,314,39.25,CONT00038,14/02/2019 17:31,15/02/2019 17:31,Home Kit - $314,online order
ORD_0000493,Starter Kit,702,87.75,CONT00050,13/05/2019 7:08,14/05/2019 7:08,Starter Kit - $702,online order
ORD_0000494,Professional Kit,760,95,CONT00076,7/11/2018 4:21,8/11/2018 4:21,Professional Kit - $760,online order
ORD_0000495,Home Kit,318,39.75,CONT00032,6/01/2019 6:19,8/01/2019 6:19,Home Kit - $318,online order
ORD_0000496,Starter Kit,115,14.375,CONT00061,31/01/2019 20:58,3/02/2019 20:58,Starter Kit - $115,online order
ORD_0000497,Professional Kit,160,20,CONT00057,21/08/2018 3:58,24/08/2018 3:58,Professional Kit - $160,online order
ORD_0000498,Home Kit,157,19.625,CONT0001,8/12/2018 5:25,12/12/2018 5:25,Home Kit - $157,online order
ORD_0000499,Starter Kit,405,50.625,CONT00031,20/05/2019 14:41,25/05/2019 14:41,Starter Kit - $405,online order
ORD_0000500,Home Kit,608,76,CONT00047,17/08/2018 23:59,20/08/2018 23:59,Home Kit - $608,online order
